{"density":{"0":1000000000000000.0,"1":1000000000000000.0,"2":3000000000000000.0},"is_cond":{"0":true,"1":true,"2":false},"is_dirac":{"0":true,"1":false,"2":false},"gfactor":{"0":4.0,"1":10.0,"2":10.0},"vf":{"0":1000000.0,"1":null,"2":null},"dparam":{"0":1.602176621e-39,"1":null,"2":null},"meff":{"0":null,"1":0.1,"2":0.1},"spin":{"0":null,"1":1.0,"2":0.0},"active":{"0":true,"1":true,"2":true},"Ebb":{"0":-1.1801598e-20,"1":-3.886259059e-23,"2":1.165877718e-22}}