{"density":{"0":1000000000000000.0,"1":2000000000000000.0,"2":1000000000000000.0},"is_cond":{"0":true,"1":false,"2":false},"is_dirac":{"0":false,"1":true,"2":true},"gfactor":{"0":15.0,"1":15.0,"2":15.0},"M":{"0":null,"1":0.4,"2":0.4},"vf":{"0":null,"1":1000000.0,"2":1000000.0},"meff":{"0":0.4,"1":null,"2":null},"spin":{"0":1.0,"1":null,"2":null},"Ebb":{"0":-4.794479939e-23,"1":1.671845309e-20,"2":1.182173155e-20}}