{"density":{"0":2000000000000000,"1":1000000000000000,"5":1000000000000000},"is_cond":{"0":true,"1":false,"5":false},"is_dirac":{"0":true,"1":false,"5":false},"gfactor":{"0":1,"1":7,"5":7},"M":{"0":0.0,"1":null,"5":null},"vf":{"0":500000.0,"1":null,"5":null},"meff":{"0":null,"1":0.2,"5":0.2},"spin":{"0":null,"1":1.0,"5":1.0},"active":{"0":true,"1":true,"5":true},"Ebb":{"0":-8.359226544e-21,"1":9.715647647e-24,"5":9.715647647e-24}}