{"density":{"0":1000000000000000.0,"1":1000000000000000.0,"2":1000000000000000.0,"3":1000000000000000.0},"is_cond":{"0":true,"1":true,"2":false,"3":false},"is_dirac":{"0":true,"1":true,"2":false,"3":false},"gfactor":{"0":1.8,"1":1.8,"2":6.0,"3":6.0},"M":{"0":0.0,"1":0.0,"2":null,"3":null},"vf":{"0":403365.0,"1":403365.0,"2":null,"3":null},"meff":{"0":null,"1":null,"2":0.2,"3":0.2},"spin":{"0":null,"1":null,"2":1.0,"3":-1.0},"active":{"0":true,"1":true,"2":true,"3":true},"Ebb":{"0":-4.758003303e-21,"1":-4.758003303e-21,"2":1.943129529e-23,"3":1.943129529e-23}}