{"density":{"0":2000000000000000.0,"1":5000000000000000.0,"2":3000000000000000.0,"3":4000000000000000.0},"is_cond":{"0":true,"1":true,"2":false,"3":false},"is_dirac":{"0":true,"1":true,"2":false,"3":false},"gfactor":{"0":1.8,"1":1.8,"2":6.0,"3":6.0},"vf":{"0":850000.0,"1":850000.0,"2":null,"3":null},"dparam":{"0":8.331318428e-40,"1":8.331318428e-40,"2":null,"3":null},"meff":{"0":null,"1":null,"2":0.2,"3":0.2},"spin":{"0":null,"1":null,"2":1.0,"3":-1.0},"active":{"0":true,"1":true,"2":true,"3":true},"Ebb":{"0":-1.418974624e-20,"1":-2.241671884e-20,"2":5.829388588e-23,"3":7.772518118e-23}}