{"density":{"0":1000000000000000.0,"1":1000000000000000.0,"2":3000000000000000.0,"3":2000000000000000.0},"is_cond":{"0":true,"1":true,"2":false,"3":false},"is_dirac":{"0":true,"1":false,"2":false,"3":true},"gfactor":{"0":4.0,"1":10.0,"2":10.0,"3":10.0},"vf":{"0":1000000.0,"1":null,"2":null,"3":100000.0},"dparam":{"0":1.602176621e-39,"1":null,"2":null,"3":1.602176621e-38},"meff":{"0":null,"1":0.1,"2":0.1,"3":null},"spin":{"0":null,"1":1.0,"2":0.0,"3":null},"active":{"0":true,"1":true,"2":true,"3":true},"Ebb":{"0":-1.1801598e-20,"1":-3.886259059e-23,"2":1.165877718e-22,"3":1.269174405e-21}}