{"density":{"0":3000000000000000.0,"1":3000000000000000.0},"is_cond":{"0":true,"1":false},"is_dirac":{"0":false,"1":true},"gfactor":{"0":10.0,"1":10.0},"M":{"0":null,"1":0.0},"vf":{"0":null,"1":1000000.0},"meff":{"0":0.2,"1":null},"spin":{"0":1.0,"1":null},"Ebb":{"0":-2.914694294e-23,"1":2.047583968e-20}}