{"density":{"0":2000000000000000.0,"1":5000000000000000.0},"is_cond":{"0":true,"1":true},"is_dirac":{"0":true,"1":true},"gfactor":{"0":1.8,"1":1.8},"vf":{"0":403365.0,"1":403365.0},"dparam":{"0":8.331318428e-40,"1":8.331318428e-40},"meff":{"0":null,"1":null},"spin":{"0":null,"1":null},"active":{"0":true,"1":true},"Ebb":{"0":-6.722699943e-21,"1":-1.061028199e-20}}