{"density":{"0":2000000000000000.0,"1":4000000000000000.0,"2":3000000000000000.0,"3":3000000000000000.0},"is_cond":{"0":true,"1":true,"2":false,"3":false},"is_dirac":{"0":true,"1":true,"2":false,"3":false},"gfactor":{"0":28.0,"1":28.0,"2":6.0,"3":6.0},"M":{"0":0.0,"1":0.0,"2":null,"3":null},"vf":{"0":1000000.0,"1":1000000.0,"2":null,"3":null},"meff":{"0":null,"1":null,"2":0.2,"3":0.2},"spin":{"0":null,"1":null,"2":1.0,"3":-1.0},"Ebb":{"0":-1.671845309e-20,"1":-2.36434631e-20,"2":2.914694294e-23,"3":2.914694294e-23}}