{"density":{"0":2000000000000000.0,"1":2000000000000000.0},"is_cond":{"0":true,"1":true},"is_dirac":{"0":false,"1":true},"gfactor":{"0":20.0,"1":10.0},"M":{"0":null,"1":0.0},"vf":{"0":null,"1":1000000.0},"meff":{"0":0.2,"1":null},"spin":{"0":1.0,"1":null},"Ebb":{"0":-1.917791976e-22,"1":-1.671845309e-20}}