{"density":{"0":1000000000000000.0,"1":2000000000000000.0,"2":1000000000000000.0},"is_cond":{"0":true,"1":true,"2":false},"is_dirac":{"0":true,"1":true,"2":false},"gfactor":{"0":1.78,"1":1.78,"2":6.0},"M":{"0":0.0,"1":0.0,"2":null},"vf":{"0":460000.0,"1":460000.0,"2":null},"meff":{"0":null,"1":null,"2":0.2},"spin":{"0":null,"1":null,"2":1.0},"active":{"0":true,"1":true,"2":true},"Ebb":{"0":-5.437996513e-21,"1":-7.690488421e-21,"2":9.715647647e-24}}