{"density":{"0":2000000000000000,"1":4000000000000000,"2":3000000000000000},"is_cond":{"0":true,"1":true,"2":false},"is_dirac":{"0":true,"1":true,"2":false},"gfactor":{"0":28,"1":28,"2":6},"M":{"0":0.0,"1":0.0,"2":null},"vf":{"0":1000000.0,"1":1000000.0,"2":null},"meff":{"0":null,"1":null,"2":0.2},"spin":{"0":null,"1":null,"2":1.0},"Ebb":{"0":-1.671845309e-20,"1":-2.36434631e-20,"2":2.914694294e-23}}