{"density":{"0":1000000000000000.0,"1":1000000000000000.0,"2":1000000000000000.0,"3":2000000000000000.0},"is_cond":{"0":true,"1":true,"2":true,"3":false},"is_dirac":{"0":false,"1":false,"2":true,"3":true},"gfactor":{"0":15.0,"1":15.0,"2":15.0,"3":15.0},"M":{"0":null,"1":null,"2":0.4,"3":0.4},"vf":{"0":null,"1":null,"2":1000000.0,"3":1000000.0},"meff":{"0":0.4,"1":0.4,"2":null,"3":null},"spin":{"0":-1.0,"1":1.0,"2":null,"3":null},"Ebb":{"0":-4.794479939e-23,"1":-4.794479939e-23,"2":-1.182173155e-20,"3":1.671845309e-20}}