{"density":{"0":2000000000000000.0,"1":5000000000000000.0,"2":1000000000000000.0},"is_cond":{"0":true,"1":true,"2":false},"is_dirac":{"0":true,"1":true,"2":false},"gfactor":{"0":1.8,"1":1.8,"2":6.0},"vf":{"0":8500000.0,"1":8500000.0,"2":null},"dparam":{"0":8.331318428e-40,"1":8.331318428e-40,"2":null},"meff":{"0":null,"1":null,"2":0.2},"spin":{"0":null,"1":null,"2":-1.0},"active":{"0":true,"1":true,"2":true},"Ebb":{"0":-1.420859124e-19,"1":-2.246383133e-19,"2":1.943129529e-23}}