{"density":{"0":1000000000000000.0,"1":1000000000000000.0,"2":2000000000000000.0},"is_cond":{"0":false,"1":true,"2":true},"is_dirac":{"0":false,"1":true,"2":true},"gfactor":{"0":6.0,"1":1.78,"2":1.78},"M":{"0":null,"1":0.0,"2":0.0},"vf":{"0":null,"1":460000.0,"2":460000.0},"meff":{"0":0.2,"1":null,"2":null},"spin":{"0":1.0,"1":null,"2":null},"active":{"0":true,"1":true,"2":true},"Ebb":{"0":9.715647647e-24,"1":-5.437996513e-21,"2":-7.690488421e-21}}