{"density":{"0":8000000000000000.0,"1":1000000000000000.0,"2":3000000000000000.0},"is_cond":{"0":true,"1":true,"2":true},"is_dirac":{"0":true,"1":false,"2":true},"gfactor":{"0":20.0,"1":5.0,"2":20.0},"M":{"0":0.1,"1":null,"2":0.1},"vf":{"0":500000.0,"1":null,"2":500000.0},"meff":{"0":null,"1":0.2,"2":null},"spin":{"0":null,"1":1.0,"2":null},"Ebb":{"0":-1.671845309e-20,"1":-9.715647647e-24,"2":-1.023791984e-20}}