{"density":{"0":1000000000000000.0,"1":1000000000000000.0},"is_cond":{"0":true,"1":true},"is_dirac":{"0":true,"1":true},"gfactor":{"0":1.0,"1":5.0},"M":{"0":0.01,"1":0.0},"vf":{"0":100000.0,"1":400000.0},"dparam":{"0":1.602176621e-38,"1":8.010883104e-40},"meff":{"0":null,"1":null},"spin":{"0":null,"1":null},"active":{"0":true,"1":true},"Ebb":{"0":-9.808377029e-22,"1":-4.718625847e-21}}